{"A": [0.12528443336486816], "L": [0.1709294319152832, 0.21954798698425293, 0.24897551536560059, 0.204270601272583, 0.14567327499389648, 0.2455897331237793, 0.20200538635253906, 0.13926935195922852, 0.14929914474487305, 0.24598026275634766], "N": [0.0324397087097168, 0.017560958862304688, 0.029751062393188477, 0.04728507995605469, 0.042638301849365234, 0.06833410263061523, 0.031230688095092773, 0.04107189178466797, 0.06152033805847168, 0.06554579734802246]}