{"A": [15.731090068817139], "L": [2.7949254512786865, 3.825908660888672, 3.4790725708007812, 5.835575342178345, 6.641201972961426, 10.112070322036743, 13.186611413955688, 13.088697671890259, 15.416410207748413, 15.063742399215698], "N": [1.0523309707641602, 1.165677547454834, 1.0815505981445312, 1.3675212860107422, 2.0143887996673584, 1.4157307147979736, 2.017030715942383, 2.0280745029449463, 1.6698038578033447, 1.6066036224365234]}