{"A": [19.30520725250244], "L": [3.1867825984954834, 4.049755573272705, 3.627319812774658, 6.161978483200073, 6.2923407554626465, 9.317964315414429, 13.208729982376099, 13.66345500946045, 14.816110372543335, 15.760317087173462], "N": [1.2844440937042236, 1.0944170951843262, 1.02665114402771, 1.2232348918914795, 1.561378002166748, 1.1236093044281006, 1.4907710552215576, 1.425337314605713, 1.405754804611206, 1.6313538551330566]}