{"A": [13.783672571182251], "L": [2.852757692337036, 3.731961965560913, 3.5620827674865723, 5.512024641036987, 5.72290563583374, 8.738868236541748, 10.985364437103271, 11.977240085601807, 13.972999572753906, 14.299523115158081], "N": [0.9917893409729004, 1.018906593322754, 1.052292823791504, 0.9970324039459229, 1.6446113586425781, 1.070770263671875, 1.5079951286315918, 1.521181583404541, 1.3319077491760254, 1.4341702461242676]}