{"A": [21.374202966690063], "L": [3.842395067214966, 3.8358848094940186, 3.7067983150482178, 6.01791787147522, 6.605077743530273, 9.203578472137451, 12.425768613815308, 14.808461904525757, 14.436298847198486, 15.972023010253906], "N": [1.0870954990386963, 1.262103796005249, 1.1681859493255615, 1.1692321300506592, 1.8566114902496338, 1.2635385990142822, 1.5622813701629639, 1.3745546340942383, 1.45115065574646, 1.5871617794036865]}