{"A": [0.7953472163306273, 0.8917597456944902, 0.9274993795120896, 0.9031170213735878, 0.9443530799086124, 0.9404393198660885, 0.9227629963537307, 0.9196491760716757, 0.9343878364840201, 0.9069532478511148, 0.9394249650107745, 0.9244425279044132, 0.9270853295801258, 0.9091298283534929], "L": [0.3954278164581665, 0.4594116256995914, 0.45519941545574605, 0.5386730292613976, 0.5109059893823449, 0.4796979788127335, 0.5086783558097578, 0.45879718465481945, 0.36889871182434236, 0.4142370886447613, 0.3725292368169498, 0.38474730388546063, 0.38287876230755546, 0.35246205225863864], "N": [0.22259652795984225, 0.1787188446578291, 0.18630774471520922, 0.1446503290250218, 0.15619458445014558, 0.1595923992432231, 0.14255491801669007, 0.13127991788450266, 0.1263919726902369, 0.0941758353245359, 0.09915502264769369, 0.08381530668113116, 0.07831006813458004, 0.09590595713764816], "A_time": 80.15932607650757, "L_time": 360.32170605659485, "N_time": 150.95430946350098}