{"A": [0.04575769560925546, 0.042462845586154666, 0.05355251699231116, 0.056129811491362314, 0.060360517012676085, 0.05811486408368764, 0.051431361266212824, 0.048768968239143715, 0.052070466983180186, 0.04995009646976432, 0.048048228471932124, 0.0470222380986705, 0.044818226448140944, 0.046877988598710806], "L": [0.44689210611348906, 0.4610024509644486, 0.5638397353267031, 0.6178212611610493, 0.586584499334492, 0.6081958892182685, 0.620585271869951, 0.6250232296704101, 0.5644020279642257, 0.5646739266066844, 0.5727409059999367, 0.5899030220226731, 0.6275567780764304, 0.5751821560144015], "N": [0.5227089783015971, 0.6760291065035688, 0.6641173332548254, 0.6806176733618955, 0.7062408764163227, 0.6927919786004881, 0.7063276762491981, 0.7004966896020498, 0.7024121870044011, 0.7041788817136301, 0.7027822887889998, 0.6968519323121728, 0.6892498284798398, 0.6933381222160757], "A_time": 347.8162889480591, "L_time": 291.08865904808044, "N_time": 132.95229840278625}