{"A": [0.5579853538346377, 0.6721798094547247, 0.6502858188318364, 0.66686555733082, 0.6882258442711706, 0.6909000361292201, 0.7047762543480582, 0.6998532939968156, 0.7093439584540974, 0.7145650941253434, 0.7130083812940275, 0.6992217510380286, 0.6996462360749864, 0.6991423221342491], "L": [0.16402646684588398, 0.16054952547708295, 0.14950447044319054, 0.16402991055364663, 0.1315928273526416, 0.10621002985545172, 0.10554051817994614, 0.08955857500976887, 0.09108931670131518, 0.11311624051083283, 0.0779721719322105, 0.1381636090114356, 0.10378026268567173, 0.06256774614619148], "N": [0.2847927249304717, 0.26192180840215246, 0.25950718638252895, 0.23342688686761598, 0.1929640017370417, 0.2088863766873667, 0.24854660703109016, 0.2368483330026589, 0.17840169067473427, 0.10951072638755692, 0.22415816189664844, 0.18665212190621144, 0.08009602748589238, 0.08543569075430775], "A_time": 149.58769750595093, "L_time": 320.94181394577026, "N_time": 157.20853805541992}