{"A": [0.02644898270774021, 0.030761535424074372, 0.033879397051880394, 0.039094693878714934, 0.031079505190229912, 0.03523347467877364, 0.05151769391675572, 0.0462327445489098, 0.04532265384631789, 0.03272045550691037, 0.04029238812524293, 0.038378872117935614, 0.034834859036810786, 0.03516963521282427], "L": [0.7056975663551364, 0.9211530968853981, 0.9471882467162545, 0.8993069839820524, 0.8930498112435181, 0.8969762150874325, 0.9207709355627344, 0.8816109434122147, 0.9024409560045491, 0.8997488967721707, 0.9212385466486458, 0.90230399757802, 0.9122692009408443, 0.9077176442170763], "N": [0.7885681251747786, 0.94423780500293, 0.9323911764050227, 0.9312013646711694, 0.9244022781829078, 0.9326311704394902, 0.9233637338476859, 0.9151765328691169, 0.9195085707777355, 0.9323972291597771, 0.9307039977996506, 0.9612930758344882, 0.9110453770726629, 0.9311769729774755], "A_time": 321.50125432014465, "L_time": 96.13685894012451, "N_time": 81.34697890281677}