{"A": [0.036446799310434964, 0.029544430793279057, 0.047589213452610094, 0.049378078817396004, 0.05773453654866438, 0.05806211383800654, 0.06119052733542343, 0.06218348277612803, 0.06361171681032549, 0.05636750228909819, 0.05478939121022641, 0.05237423893205436, 0.05146342759575364, 0.04458222652374694], "L": [0.6478933212473276, 0.8856182294514611, 0.8695545895900662, 0.844500224512571, 0.8697514846146441, 0.8798625289649709, 0.8695029570101859, 0.8431942942735677, 0.8564868441424351, 0.8382404114991797, 0.8289182156703468, 0.8455628405921554, 0.8524061701494261, 0.8472861769658999], "N": [0.7308847851772221, 0.893129411026899, 0.8716712221515441, 0.8781091078503479, 0.8943205106169113, 0.8879125183575477, 0.9195481220482369, 0.888384339927837, 0.8638338977782798, 0.8705106730405653, 0.882177021696654, 0.8720182621283896, 0.8715064246531007, 0.8819296803492213], "A_time": 315.3417227268219, "L_time": 111.47417449951172, "N_time": 107.11525011062622}