{"A": [2.3590269088745117], "L": [0.2714419364929199, 1.3006362915039062, 1.1425201892852783, 0.8344740867614746, 1.7114269733428955, 0.7804052829742432, 0.4753553867340088, 0.953258752822876, 0.8443245887756348, 3.5622599124908447], "N": [0.1291823387145996, 0.09046268463134766, 0.06900262832641602, 0.4833195209503174, 0.15828704833984375, 0.2580854892730713, 0.30475759506225586, 0.4464571475982666, 0.14760327339172363, 0.1597001552581787]}