{"A": [0.18135048231511255, 0.27041800643086816, 0.2909967845659164, 0.4562700964630225, 0.5977491961414791, 0.6745980707395499, 0.6964630225080386, 0.6720257234726688], "L": [0.29581993569131837, 0.570096463022508, 0.7, 0.7733118971061093, 0.7996784565916398, 0.8282958199356912, 0.8279742765273312, 0.82540192926045], "N": [0.27588424437299036, 0.5967845659163987, 0.6710610932475884, 0.777491961414791, 0.797427652733119, 0.8054662379421222, 0.8209003215434084, 0.8176848874598072], "A_time": 757.3031187057495, "L_time": 794.0969116687775, "N_time": 779.2132344245911}