{"A": [0.3922829581993569, 0.4241157556270097, 0.4157556270096463, 0.4405144694533762, 0.519935691318328, 0.552411575562701, 0.6080385852090032, 0.6090032154340836], "L": [0.29742765273311894, 0.4958199356913183, 0.5466237942122187, 0.7263665594855306, 0.7993569131832797, 0.8327974276527332, 0.819935691318328, 0.8135048231511256], "N": [0.2942122186495177, 0.49807073954983927, 0.6504823151125401, 0.7530546623794212, 0.8192926045016078, 0.835048231511254, 0.8491961414790996, 0.854983922829582], "A_time": 17.63090419769287, "L_time": 11.87411379814148, "N_time": 12.007726907730103}