{"A": [0.2048231511254019, 0.3598070739549839, 0.3852090032154341, 0.594855305466238, 0.6842443729903538, 0.762379421221865, 0.754983922829582, 0.7662379421221864], "L": [0.1032154340836013, 0.14855305466237942, 0.18135048231511255, 0.23890675241157555, 0.3784565916398714, 0.5189710610932476, 0.6331189710610932, 0.6266881028938907], "N": [0.021864951768488745, 0.1022508038585209, 0.14565916398713827, 0.31961414790996784, 0.5491961414790998, 0.6717041800643088, 0.7009646302250804, 0.6967845659163988], "A_time": 659.0147182941437, "L_time": 812.7243564128876, "N_time": 788.7222204208374}