{"A": [0.4016077170418007, 0.4228295819935692, 0.387459807073955, 0.39260450160771704, 0.3987138263665595, 0.4022508038585209, 0.3768488745980707, 0.37009646302250804], "L": [0.4893890675241158, 0.6421221864951769, 0.6479099678456592, 0.6720257234726688, 0.6684887459807074, 0.664951768488746, 0.6260450160771704, 0.6009646302250803], "N": [0.3983922829581993, 0.4803858520900321, 0.6032154340836012, 0.6540192926045016, 0.660128617363344, 0.6501607717041801, 0.6311897106109325, 0.5790996784565917], "A_time": 9.36809515953064, "L_time": 9.302428960800171, "N_time": 9.761215448379517}