{"A": [0.4459807073954984, 0.4578778135048231, 0.5109324758842444, 0.5717041800643087, 0.6241157556270096, 0.6823151125401928, 0.697427652733119, 0.7594855305466238], "L": [0.37266881028938903, 0.38006430868167207, 0.3861736334405145, 0.37717041800643086, 0.38392282958199353, 0.4530546623794212, 0.452411575562701, 0.4485530546623794], "N": [0.2993569131832797, 0.2977491961414791, 0.29839228295819936, 0.30353697749196146, 0.3305466237942122, 0.3720257234726688, 0.4443729903536977, 0.5463022508038585], "A_time": 14.857908487319946, "L_time": 18.305193662643433, "N_time": 19.90441632270813}