{"A": [0.4517684887459807, 0.4617363344051447, 0.4553054662379421, 0.4855305466237942, 0.4781350482315113, 0.4572347266881029, 0.4498392282958199, 0.4443729903536978], "L": [0.4372990353697749, 0.4141479099678457, 0.4115755627009646, 0.380064308681672, 0.4012861736334405, 0.4064308681672026, 0.4022508038585209, 0.4045016077170418], "N": [0.3864951768488746, 0.39871382636655944, 0.417363344051447, 0.39710610932475887, 0.4041800643086816, 0.4038585209003216, 0.39646302250803855, 0.392604501607717], "A_time": 9.669543266296387, "L_time": 9.432029962539673, "N_time": 9.497806787490845}